frac_T,id,x,y,z
0.020910623687566,0,0,0,0
0.01938645316866,5,5,0,0
0.015514380377262,10,10,0,0
0.010838085910713,15,15,0,0
0.0067082274778628,20,20,0,0
0.0037363634876525,25,25,0,0
0.001900491019047,30,30,0,0
0.00089581321834793,35,35,0,0
0.0004008027652775,40,40,0,0
0.0001864181997078,45,45,0,0
0.00012777787035816,50,50,0,0
