frac_T,id,x,y,z
0.019819732788652,0,0,0,0
0.018598808292687,5,5,0,0
0.015372166414345,10,10,0,0
0.011198053876618,15,15,0,0
0.0071979066015159,20,20,0,0
0.0040889700589832,25,25,0,0
0.0020570467729392,30,30,0,0
0.00091907011442591,35,35,0,0
0.00036789822329351,40,40,0,0
0.00014109468299955,45,45,0,0
8.2140511367431e-05,50,50,0,0
